admin_level,previous_internal,previous_name,current_internal,current_name
Admin1,admin1_1,Bomi,admin1_1,Bomi
Admin1,admin1_2,Bong,admin1_2,Bong
Admin1,admin1_3,Gbapolu,admin1_3,Gbarpolu
Admin1,admin1_4,Grand Bassa,admin1_4,Grand Bassa
Admin1,admin1_5,Grand Cape Mount,admin1_5,Grand Cape Mount
Admin1,admin1_6,Grand Gedeh,admin1_6,Grand Gedeh
Admin1,admin1_7,Grand Kru,admin1_7,Grand Kru
Admin1,admin1_8,Lofa,admin1_8,Lofa
Admin1,admin1_9,Margibi,admin1_9,Margibi
Admin1,admin1_10,Maryland,admin1_10,Maryland
Admin1,admin1_11,Montserrado,admin1_11,Montserrado
Admin1,admin1_12,Nimba,admin1_12,Nimba
Admin1,admin1_13,River Gee,admin1_13,River Gee
Admin1,admin1_14,Rivercess,admin1_14,Rivercess
Admin1,admin1_15,Sinoe,admin1_15,Sinoe
